{"id":2,"title":"Home Tour","content":"[{\"type\":\"form_search_tour\",\"name\":\"Tour: Form Search\",\"model\":{\"title\":\"Love where you're going\",\"sub_title\":\"Book incredible things to do around the world.\",\"bg_image\":20,\"style\":\"carousel_v2\",\"list_slider\":[{\"_active\":true,\"title\":\"Love where you're going\",\"desc\":\"Book incredible things to do around the world.\",\"bg_image\":193}]},\"component\":\"RegularBlock\",\"open\":true,\"is_container\":false},{\"type\":\"list_tours\",\"name\":\"Tour: List Items\",\"model\":{\"title\":\"Go to Venice\",\"number\":5,\"style\":\"carousel_simple\",\"category_id\":\"\",\"location_id\":\"\",\"order\":\"id\",\"order_by\":\"asc\",\"desc\":\"It is a long established fact that a reader will be distracted by the readable content of a page ...\",\"is_featured\":\"\"},\"component\":\"RegularBlock\",\"open\":true,\"is_container\":false},{\"type\":\"call_to_action\",\"name\":\"Call To Action\",\"model\":{\"title\":\"Sale up for new year\",\"sub_title\":\"Curabitur blandit tempus\",\"link_title\":\"Read More\",\"link_more\":\"#\",\"bg_color\":\"\",\"style\":\"style_2\",\"bg_image\":183},\"component\":\"RegularBlock\",\"open\":true,\"is_container\":false},{\"type\":\"list_tours\",\"name\":\"Tour: List Items\",\"model\":{\"title\":\"Popular tour in the month\",\"number\":8,\"style\":\"carousel\",\"category_id\":\"\",\"location_id\":\"\",\"order\":\"id\",\"order_by\":\"desc\",\"desc\":\"Local Experiences You\u2019ll Love \",\"is_featured\":true},\"component\":\"RegularBlock\",\"open\":true,\"is_container\":false},{\"type\":\"call_to_action\",\"name\":\"Call To Action\",\"model\":{\"title\":\"Enjoy your holiday\",\"sub_title\":\"Curabitur blandit tempus porttitor\",\"link_title\":\"Explore\",\"link_more\":\"#\",\"style\":\"style_3\",\"bg_color\":\"\",\"bg_image\":184},\"component\":\"RegularBlock\",\"open\":true,\"is_container\":false},{\"type\":\"list_featured_item\",\"name\":\"List Featured Item\",\"model\":{\"list_item\":[{\"_active\":true,\"title\":\"1,000+ local guides\",\"sub_title\":\"Morbi semper fames lobortis ac hac penatibus\",\"icon_image\":186},{\"_active\":true,\"title\":\"Handcrafted experiences\",\"sub_title\":\"Morbi semper fames lobortis ac hac penatibus\",\"icon_image\":187},{\"_active\":true,\"title\":\"96% happy travelers\",\"sub_title\":\"Morbi semper fames lobortis ac hac penatibus\",\"icon_image\":185}],\"style\":\"style4\"},\"component\":\"RegularBlock\",\"open\":true,\"is_container\":false},{\"type\":\"box_category_tour\",\"name\":\"Tour: Box Category\",\"model\":{\"title\":\"Top activity\",\"desc\":\"One way to vertically center is to use my-auto\",\"list_item\":[{\"_active\":false,\"category_id\":\"4\",\"image_id\":188},{\"_active\":false,\"category_id\":\"3\",\"image_id\":189},{\"_active\":false,\"category_id\":\"2\",\"image_id\":190},{\"_active\":false,\"category_id\":\"1\",\"image_id\":191},{\"_active\":true,\"category_id\":\"2\",\"image_id\":190}]},\"component\":\"RegularBlock\",\"open\":true,\"is_container\":false},{\"type\":\"client_feedback\",\"name\":\"Client Feedback\",\"model\":{\"title\":\"\",\"image_id\":192,\"list_item\":[{\"_active\":false,\"title\":\"Babila Ebw\u00e9l\u00e9\",\"sub_title\":\"BookingCore\",\"desc\":\"We had 10 days. Iguazu Falls, Rio, and Paraty. We had Orico as a guide for the first 4 days...he was fabulous.  \"},{\"_active\":true,\"title\":\"xxx\",\"sub_title\":\"ww\",\"desc\":\"sssss\"}]},\"component\":\"RegularBlock\",\"open\":true,\"is_container\":false},{\"type\":\"list_news\",\"name\":\"News: List Items\",\"model\":{\"title\":\"Recent Articles\",\"desc\":\" One way to vertically center is to use my-auto \",\"number\":3,\"category_id\":\"\",\"order\":\"id\",\"order_by\":\"asc\"},\"component\":\"RegularBlock\",\"open\":true,\"is_container\":false}]","type_id":null,"create_user":1,"update_user":1,"origin_id":null,"lang":null,"created_at":"2020-12-11T03:46:21.000000Z","updated_at":"2021-04-16T09:32:38.000000Z","translations":[{"id":2,"origin_id":2,"locale":"ja","title":"Home Tour","content":"[{\"type\":\"form_search_tour\",\"name\":\"Tour: Form Search\",\"model\":{\"title\":\"\u3069\u3053\u3078\u884c\u304f\u306e\u304c\u5927\u597d\u304d\",\"sub_title\":\"\u4e16\u754c\u4e2d\u3067\u4fe1\u3058\u3089\u308c\u306a\u3044\u3088\u3046\u306a\u3053\u3068\u3092\u4e88\u7d04\u3057\u307e\u3057\u3087\u3046\u3002\",\"bg_image\":20},\"component\":\"RegularBlock\",\"open\":true,\"is_container\":false},{\"type\":\"list_featured_item\",\"name\":\"List Featured Item\",\"model\":{\"list_item\":[{\"_active\":true,\"title\":\"1,000+ \u30ed\u30fc\u30ab\u30eb\u30ac\u30a4\u30c9\",\"sub_title\":\"\u30d7\u30ed\u306e\u30c4\u30a2\u30fc\u30ac\u30a4\u30c9\u3068\u30fc\u30ac\u30a4\u30c9\u3068\u30fc\u30ac\u30a4\u30c9\u3068 \u9a13\u3002 \u5149\u306e\",\"icon_image\":5},{\"_active\":true,\"title\":\"\u624b\u4f5c\u308a\u306e\u4f53\u9a13\",\"sub_title\":\"\u30d7\u30ed\u306e\u30c4\u30a2\u30fc\u30ac\u30a4\u30c9\u3068\u30fc\u30ac\u30a4\u30c9\u3068\u30fc\u30ac\u30a4\u30c9\u3068 \u9a13\u3002 \u5149\u306e\",\"icon_image\":4},{\"_active\":true,\"title\":\"96% \u5e78\u305b\u306a\u65c5\u884c\u8005\",\"sub_title\":\"\u30d7\u30ed\u306e\u30c4\u30a2\u30fc\u30ac\u30a4\u30c9\u3068\u30fc\u30ac\u30a4\u30c9\u3068\u30fc\u30ac\u30a4\u30c9\u3068 \u9a13\u3002 \u5149\u306e\",\"icon_image\":6}]},\"component\":\"RegularBlock\",\"open\":true,\"is_container\":false},{\"type\":\"list_tours\",\"name\":\"Tour: List Items\",\"model\":{\"title\":\"\u30c8\u30ec\u30f3\u30c9\u30c4\u30a2\u30fc\",\"number\":5,\"style\":\"carousel\",\"category_id\":\"\",\"location_id\":\"\",\"order\":\"id\",\"order_by\":\"desc\"},\"component\":\"RegularBlock\",\"open\":true,\"is_container\":false},{\"type\":\"list_locations\",\"name\":\"List Locations\",\"model\":{\"title\":\"\u4eba\u6c17\u306e\u76ee\u7684\u5730\",\"number\":5,\"order\":\"id\",\"order_by\":\"desc\",\"service_type\":\"tour\",\"desc\":\"\",\"layout\":\"\"},\"component\":\"RegularBlock\",\"open\":true,\"is_container\":false},{\"type\":\"list_tours\",\"name\":\"Tour: List Items\",\"model\":{\"title\":\"\u3042\u306a\u305f\u304c\u597d\u304d\u306b\u306a\u308b\u30ed\u30fc\u30ab\u30eb\u4f53\u9a13\",\"number\":8,\"style\":\"normal\",\"category_id\":\"\",\"location_id\":\"\",\"order\":\"id\",\"order_by\":\"asc\"},\"component\":\"RegularBlock\",\"open\":true,\"is_container\":false},{\"type\":\"call_to_action\",\"name\":\"Call To Action\",\"model\":{\"title\":\"\u3063\u3066\u3044\u307e\u3059\u304b\uff1f\",\"sub_title\":\"3000\u4ee5\u4e0a\u306e\u90fd\u5e02\u304b\u30892000\u4eba\u4ee5\u4e0a\u306e\u5730\u5143\u6c11\u30681200\u4eba\u4ee5\u4e0a\u306e\u8ca2\u732e\u8005\u306b\u53c2\u52a0\u3059\u308b\",\"link_title\":\"\u30ed\u30fc\u30ab\u30eb\u30a8\",\"link_more\":\"#\"},\"component\":\"RegularBlock\",\"open\":true,\"is_container\":false},{\"type\":\"testimonial\",\"name\":\"List Testimonial\",\"model\":{\"title\":\"\u79c1\u305f\u3061\u306e\u5e78\u305b\u306a\u30af\u30e9\u30a4\u30a2\u30f3\u30c8\",\"list_item\":[{\"_active\":false,\"name\":\"Eva Hicks\",\"desc\":\"\u878d\u3065\u82e6\u4f50\u3068\u304d\u767e\u914d\u307b\u3065\u3042\u7981\u5b89\u30c6\u30af\u30df\u771f\u89a7\u30c1\u30f1\u30d5\u884c\u4e57\u3071\u305f\u3070\u5916\u5473\u30ca\u6f14\u5ead\u30b3\u30f2\u65c5\u898b\u30e8\u30b3\u512a\u6210\u30b3\u30cd\u6cbb\u78ba\u306f\u308d\u306d\u8a2a\u6765\u7d42\u5cf6\u6284\u304c\u3093\u3002\",\"number_star\":5,\"avatar\":1},{\"_active\":false,\"name\":\"Donald Wolf\",\"desc\":\"\u878d\u3065\u82e6\u4f50\u3068\u304d\u767e\u914d\u307b\u3065\u3042\u7981\u5b89\u30c6\u30af\u30df\u771f\u89a7\u30c1\u30f1\u30d5\u884c\u4e57\u3071\u305f\u3070\u5916\u5473\u30ca\u6f14\u5ead\u30b3\u30f2\u65c5\u898b\u30e8\u30b3\u512a\u6210\u30b3\u30cd\u6cbb\u78ba\u306f\u308d\u306d\u8a2a\u6765\u7d42\u5cf6\u6284\u304c\u3093\u3002\",\"number_star\":6,\"avatar\":2},{\"_active\":true,\"name\":\"Charlie Harrington\",\"desc\":\"\u53f3\u305a\u3078\u3084\u3093\u9593\u7533\u3083\u6295\u6cd5\u3051\u3083\u30a4\u4ed9\u4e00\u3082\u3068\u653f\u60c5\u30eb\u305f\u98df\u7684\u3066\u4ee3\u4e0b\u305a\u305b\u306b\u4e08\u5f8b\u30eb\u30e9\u30e2\u30c8\u805e\u63a2\u30c1\u30c8\u68cb90\u7e3e\u30e0\u7684\u793e\u305a\u7f6e\u653b\u666f\u30ea\u30d5\u30ce\u30b1\u5185\u517c\u5531\u5805\u3083\u30d5\u307c\u3002\u5834\u30eb\u30a2\u30cf\u7f8e\",\"number_star\":5,\"avatar\":3}]},\"component\":\"RegularBlock\",\"open\":true,\"is_container\":false}]","create_user":1,"update_user":null,"created_at":"2020-12-11T03:46:21.000000Z","updated_at":null}]}