{"id":7,"title":"Home New","content":"[{\"type\":\"form_search_all_service\",\"name\":\"Form Search All Service\",\"model\":{\"title_for_car\":\"\",\"title_for_event\":\"\",\"title_for_hotel\":\"\",\"title_for_space\":\"\",\"title_for_tour\":\"\",\"service_types\":[\"hotel\",\"tour\",\"space\",\"event\",\"car\"],\"title\":\"\",\"sub_title\":\"\",\"style\":\"carousel_v2\",\"bg_image\":\"\",\"list_slider\":[{\"_active\":true,\"title\":\"The best tour experience\",\"desc\":\"Where would you like to go?\",\"bg_image\":194},{\"_active\":true,\"title\":\" Without the crowds\",\"desc\":\"Where would you like to go?\",\"bg_image\":180}],\"hide_form_search\":\"\"},\"component\":\"RegularBlock\",\"open\":true,\"is_container\":false},{\"type\":\"list_featured_item\",\"name\":\"List Featured Item\",\"model\":{\"list_item\":[{\"_active\":true,\"title\":\"BEST SELECTION\",\"sub_title\":\"Morbi semper fames lobortis ac hac penatibus\",\"icon_image\":197,\"order\":null},{\"_active\":true,\"title\":\"BEST SELECTION\",\"sub_title\":\"Morbi semper fames lobortis ac hac penatibus\",\"icon_image\":196,\"order\":null},{\"_active\":true,\"title\":\"BEST SELECTION\",\"sub_title\":\"Morbi semper fames lobortis ac hac penatibus\",\"icon_image\":195,\"order\":null}],\"style\":\"style5\"},\"component\":\"RegularBlock\",\"open\":true,\"is_container\":false},{\"type\":\"list_hotel\",\"name\":\"Hotel: List Items\",\"model\":{\"title\":\"Hotel Best\",\"desc\":\"Morbi semper fames lobortis ac hac penatibus\",\"number\":\"\",\"style\":\"carousel\",\"location_id\":\"\",\"order\":\"\",\"order_by\":\"\",\"is_featured\":\"\"},\"component\":\"RegularBlock\",\"open\":true},{\"type\":\"call_to_action\",\"name\":\"Call To Action\",\"model\":{\"title\":\"Discount 50% Off\",\"sub_title\":\"Curabitur blandit tempus porttitor\",\"link_title\":\"Read More\",\"link_more\":\"#\",\"style\":\"style_2\",\"bg_color\":\"\",\"bg_image\":198},\"component\":\"RegularBlock\",\"open\":true},{\"type\":\"space_term_featured_box\",\"name\":\"Space: Term Featured Box\",\"model\":{\"title\":\"Top Comfort Service\",\"desc\":\"Lorem Ipsum is simply dummy text of the printing and typesetting industry\",\"term_space\":[\"27\",\"28\",\"29\",\"30\",\"31\",\"26\"]},\"component\":\"RegularBlock\",\"open\":true},{\"type\":\"list_space\",\"name\":\"Space: List Items\",\"model\":{\"title\":\"Service Featured Phoenix Resort\",\"desc\":\"There are many variations of passages of Lorem Ipsum available, but the majority have suffered alteration in some form\",\"number\":8,\"style\":\"normal\",\"location_id\":\"\",\"order\":\"\",\"order_by\":\"\",\"is_featured\":\"\"},\"component\":\"RegularBlock\",\"open\":true},{\"type\":\"client_feedback\",\"name\":\"Client Feedback\",\"model\":{\"image_id\":199,\"list_item\":[{\"_active\":true,\"title\":\"DoQuan\",\"sub_title\":\"Customer\",\"desc\":\" We had 10 days. Iguazu Falls, Rio, and Paraty. We had Orico as a guide for the first 4 days...he was fabulous.                         \"}]},\"component\":\"RegularBlock\",\"open\":true},{\"type\":\"list_locations\",\"name\":\"List Locations\",\"model\":{\"service_type\":[\"hotel\",\"space\",\"tour\"],\"title\":\"Travel Highlights\",\"desc\":\"Lorem Ipsum is simply dummy text of the printing and typesetting industry\",\"number\":3,\"layout\":\"style_4\",\"order\":\"id\",\"order_by\":\"asc\",\"custom_ids\":\"\",\"to_location_detail\":\"\"},\"component\":\"RegularBlock\",\"open\":true},{\"type\":\"list_tours\",\"name\":\"Tour: List Items\",\"model\":{\"title\":\"Viet Nam Travel\",\"desc\":\"Lorem Ipsum is simply dummy text of the printing and typesetting industry\",\"number\":5,\"style\":\"normal\",\"category_id\":\"\",\"location_id\":\"\",\"order\":\"id\",\"order_by\":\"asc\",\"is_featured\":true},\"component\":\"RegularBlock\",\"open\":true},{\"type\":\"list_news\",\"name\":\"News: List Items\",\"model\":{\"title\":\"Travel News\",\"desc\":\"Lorem Ipsum is simply dummy text of the printing and typesetting industry\",\"number\":3,\"category_id\":\"\",\"order\":\"id\",\"order_by\":\"asc\"},\"component\":\"RegularBlock\",\"open\":true}]","type_id":null,"create_user":1,"update_user":1,"origin_id":null,"lang":null,"created_at":"2021-04-20T03:54:26.000000Z","updated_at":"2021-04-20T09:42:01.000000Z","translations":[]}